v170_address,name,kind,description,as2_address,confidence,evidence
# Important v1.70 globals and tables, named after docs/spec/*.md (the spec that
# names each one is given in the description). match_data.py maps each to the
# target executable; fill as2_address/confidence/evidence only to force a value.
0x00456f70,g_builtinTable,table,script builtin table {char *name; void (*fn)()} (rcsl-builtins-table.md),0x0049d5d0,high,probe result: both tables located by their name strings (docs/spec/as2/README.md)
0x00457220,g_scriptGlobalTable,table,script-global table {char *name; void *addr; int kind} (rcsl-vm.md),0x0049d908,high,probe result: both tables located by their name strings (docs/spec/as2/README.md)
0x00458eb0,g_entities,array,entity pool: 1024 entities of 0x1e3 bytes in v1.70 (engine-behaviour.md),,,
0x00458cc4,g_entityFreeList,variable,head of the entity free list (engine-behaviour.md),,,
0x00458cc8,g_entityLiveList,variable,list of live entities walked by the frame loop (rcsl-vm.md),,,
0x00458ccc,g_entityLiveHead,variable,newest live entity; start of the newest-first walk (rcsl-builtins-semantics.md),,,
0x01fdb2c8,g_entityLiveCount,variable,number of live entities (engine-behaviour.md),,,
0x01ebe308,g_players,array,player records (0x171 bytes each in v1.70; script fields p_*) (rcsl-vm.md),,,
0x01ebe5f4,g_camera,struct,camera record (script global 'camera' points here) (rcsl-vm.md),,,
0x01ebe5f0,g_cameraQuakeAmount,variable,camera quake amount set by CameraQuake (rcsl-builtins-table.md),,,
0x01ebe618,g_cameraField9,variable,camera field 9 reset to 1.0 at level start (hmap.md),,,
0x01ebe654,g_cameraQuakeTime,variable,camera quake state cleared by CameraQuake (rcsl-builtins-table.md),,,
0x01fdb2d4,g_cameraQuakeDecay,variable,set to 3.0 by CameraQuake (rcsl-builtins-table.md),,,
0x00457398,g_cameraModeTable,table,camera mode table (render-pipeline.md / engine-behaviour.md),,,
0x01fa7de0,sl_thread,variable,current script thread (rcsl-vm.md),,,
0x01fa7df0,sl_self,variable,script global 'self' (rcsl-vm.md),,,
0x01fa7df4,sl_argPointer,variable,argument pointer of the running builtin (the current thread's frame) (rcsl-vm.md),,,
0x01fa7dfc,sl_returnValue,variable,builtin return register (one float) (rcsl-vm.md),,,
0x01fa7e00,sl_latentDone,variable,latent-builtin done flag (rcsl-vm.md),,,
0x01fa7e04,sl_scriptCount,variable,number of loaded scripts (rcsl-container.md),,,
0x01fa7e08,sl_scripts,array,loaded scripts (rcsl-container.md),,,
0x01fb4bcc,g_frameTime,variable,frame time in seconds (script global 'frametime') (rcsl-vm.md),,,
0x01fb4bd0,g_time,variable,accumulated game time (script global 'time') (rcsl-vm.md),,,
0x01fb4a3c,g_levelClock,variable,level clock (engine-behaviour.md),,,
0x00458eab,g_paused,variable,game paused flag; also set by EndLevel (rcsl-vm.md),,,
0x00458eac,g_night,variable,night level flag (script global 'l_night') (rcsl-vm.md),,,
0x00458c97,g_introRunning,variable,logo/intro sequence running (engine-behaviour.md),,,
0x00458c95,g_fadeActive,variable,screen fade flag (render-pipeline.md),,,
0x00458ca4,g_fadeColor,variable,screen fade colour (render-pipeline.md),,,
0x01fdb2c6,g_gameReady,variable,G_Init done; G_Frame does nothing before (engine-behaviour.md),,,
0x01fdb2c7,g_twoPlayers,variable,two-player mode flag (rcsl-vm.md),,,
0x01fdb2c4,g_godMode,variable,god-mode cheat flag (rcsl-builtins-semantics.md),,,
0x01fdb2d0,g_cheatUsed,variable,a cheat was used (rank 'Cheater'; no score posting) (engine-behaviour.md),,,
0x004577b8,cfg_numPlayers,variable,number of players (rcsl-vm.md),,,
0x004577bc,cfg_difficulty,variable,difficulty index (default 2) (rcsl-vm.md),,,
0x004577c0,g_damageFactor,variable,current difficulty damage factor (script global 'g_damage_factor') (rcsl-vm.md),,,
0x004577c4,g_healthFactor,variable,current difficulty health factor (script global 'g_health_factor') (rcsl-vm.md),,,
0x004577d0,g_difficultyTable,table,difficulty factors (16 bytes per level) (frontend.md / engine-behaviour.md),,,
0x004573e0,g_defaultProgressA,table,fresh-install defaults table (frontend.md),,,
0x00457660,g_missionUnlockTable,table,mission unlock table (33 bytes per entry) (frontend.md),,,
0x00457838,g_missionTable,table,mission table unlocked in order (frontend.md),,,
0x00457820,g_levelPointerTable,table,pointer table used by the random level pick (hmap.md),,,
0x0045650c,g_rankNames,table,rank name table (Cheater; Rookie; ...) (frontend.md),,,
0x00457d48,g_rankThresholds,table,rank threshold table (frontend.md),,,
0x00457ae0,g_weaponIconTable,table,weapon icon texture coordinates (frontend.md),,,
0x00457c20,g_missileIconTable,table,missile icon texture coordinates (frontend.md),,,
0x00456598,g_fontAdvance,table,font advance widths in virtual pixels (render-pipeline.md),,,
0x01ebe668,g_weaponDefs,array,weapon definitions: 0x2c-byte records from weapons/*.wpn (at most 256) (engine-behaviour.md),,,
0x01f286a8,r_lights,array,per-frame light list (at most 32 lights of 0x34 bytes) (render-pipeline.md),,,
0x01f502b8,ps_instances,array,particle-system instance pool (256 x 0x60 bytes) (render-pipeline.md),,,
0x01f3ca50,r_blendMode,variable,current blend mode of the blend state cache (render-pipeline.md),0x0049e6fc,low,"manual: the first value compared by the Direct3D blend-state switch 0x0042fb50 (the automatic alignment picked the device pointer, because the two functions are rewrites)"
0x01fa92a0,g_sinTable,table,sine table built at start-up (render-pipeline.md),,,
0x01fa9210,r_viewWidth,variable,viewport size (render-pipeline.md),,,
0x01fa9214,r_viewHeight,variable,viewport size (render-pipeline.md),,,
0x01f5a2c8,t_cellSize,variable,terrain cell size (0x28) (hmap.md),,,
0x01f5a2dc,t_heightCopy,array,pristine copy of the height field (hmap.md),,,
0x01f5b988,r_sunColor,variable,sun colour (render-pipeline.md),,,
0x01f5b97c,r_sunDirection,variable,direction towards the sun (render-pipeline.md),,,
0x01f5b994,r_ambientColor,variable,ambient colour (render-pipeline.md),,,
0x01fd93b4,m_menuTime,variable,menu animation time (frontend.md),,,
# Globals of AS2 only (no v1.70 counterpart); v170_address empty.
,d3d_object,variable,IDirect3D8 interface pointer (AS2 only),0x02219188,high,stores the result of the Direct3DCreate8 call in the Direct3D initialisation 0x0042f9d0 and calls through it
,d3d_device,variable,IDirect3DDevice8 interface pointer (AS2 only),0x0221918c,high,loaded before every device method call (SetRenderState; SetTexture; BeginScene; ...) in the renderer
,r_vertexBuffer,variable,dynamic vertex buffer (IDirect3DVertexBuffer8*) (AS2 only),0x022191a8,medium,locked through vtable slot 11 by R_LockVertexBuffer 0x0042f070
,r_vertexBufferUsed,variable,vertices used in the dynamic vertex buffer since the last discard (AS2 only),0x022191b0,medium,compared against 0x1000 and advanced by R_LockVertexBuffer 0x0042f070
# Level and object definition tables (addresses used by G_FindLevel / G_FindObject / ParseObject)
0x004d52bc,g_levelCount,variable,number of level records parsed from levels.txt (G_FindLevel loop bound),,,
0x004d1ab8,g_levels,array,level records from levels.txt (the address G_FindLevel scans),,,
0x00551304,g_objectCount,variable,number of object definitions parsed from objects/*.obj (G_FindObject and ParseObject),,,
0x005545e1,g_objectNames,array,name field of the object definition records as scanned by G_FindObject (obj.md),,,
